{
  "project_info": {
    "project_number": "501263629081",
    "firebase_url": "https://hellome-47a89.firebaseio.com",
    "project_id": "hellome-47a89",
    "storage_bucket": "hellome-47a89.appspot.com"
  },
  "client": [
    {
      "client_info": {
        "mobilesdk_app_id": "1:501263629081:android:617166b32abd6c60382388",
        "android_client_info": {
          "package_name": "com.example.hello_me"
        }
      },
      "oauth_client": [
        {
          "client_id": "501263629081-27kn9vh2dkh187ttgb24osdphjg2s2hh.apps.googleusercontent.com",
          "client_type": 3
        }
      ],
      "api_key": [
        {
          "current_key": "AIzaSyAThV--b0j9nlh2Ztnczsves3jzig9sMZ0"
        }
      ],
      "services": {
        "appinvite_service": {
          "other_platform_oauth_client": [
            {
              "client_id": "501263629081-27kn9vh2dkh187ttgb24osdphjg2s2hh.apps.googleusercontent.com",
              "client_type": 3
            }
          ]
        }
      }
    }
  ],
  "configuration_version": "1"
}